municipio;area_desmatada;geocode_ibge;uf
Peixoto de Azevedo;88,41;5106422;Mato Grosso
Pau D'Arco;3,91;1505551;Pará
Mâncio Lima;10,70;1200336;Acre
Alto Alegre;12,84;1400050;Roraima
Pedra Preta;0,00;5106372;Mato Grosso
Itaituba;355,58;1503606;Pará
Redenção;0,41;1506138;Pará
Iracema;25,29;1400282;Roraima
Santo Antônio do Leverger;1,36;5107800;Mato Grosso
Porto Esperidião;0,94;5106828;Mato Grosso
Nova Brasilândia;0,07;5106208;Mato Grosso
Caracaraí;22,71;1400209;Roraima
Ponte Branca;0,00;5106703;Mato Grosso
Cuiabá;0,00;5103403;Mato Grosso
Tucumã;0,87;1508084;Pará
Alto Paraguai;0,10;5100508;Mato Grosso
São Pedro da Cipa;0,00;5107404;Mato Grosso
Porto Estrela;0,15;5106851;Mato Grosso
Porto de Moz;51,25;1505908;Pará
Denise;0,08;5103452;Mato Grosso
Cáceres;5,05;5102504;Mato Grosso
Tesouro;0,00;5108105;Mato Grosso
Araguaiana;0,13;5101001;Mato Grosso
Matupá;8,29;5105606;Mato Grosso
Conquista D'Oeste;2,66;5103361;Mato Grosso
Vale de São Domingos;4,18;5108352;Mato Grosso
Juscimeira;0,17;5105200;Mato Grosso
Nova Guarita;1,41;5108808;Mato Grosso
Bonfim;1,80;1400159;Roraima
Tapauá;51,59;1304104;Amazonas
Salto do Céu;2,12;5107750;Mato Grosso
Campo Verde;0,21;5102678;Mato Grosso
Eirunepé;6,07;1301407;Amazonas
Curvelândia;0,11;5103437;Mato Grosso
Acorizal;0,00;5100102;Mato Grosso
Várzea Grande;0,00;5108402;Mato Grosso
Rosário Oeste;0,00;5107701;Mato Grosso
Rio Branco;0,00;5107206;Mato Grosso
Santo Antônio do Leste;0,00;5107792;Mato Grosso
Chapada dos Guimarães;0,13;5103007;Mato Grosso
Novo São Joaquim;0,00;5106281;Mato Grosso
Glória D'Oeste;0,00;5103957;Mato Grosso
São José do Povo;0,00;5107297;Mato Grosso
Mirassol d'Oeste;0,68;5105622;Mato Grosso
Nova Bandeirantes;123,95;5106158;Mato Grosso
Poconé;0,00;5106505;Mato Grosso
Conceição do Araguaia;4,65;1502707;Pará
Barra do Bugres;9,90;5101704;Mato Grosso
Guiratinga;0,00;5104203;Mato Grosso
Dom Aquino;0,14;5103601;Mato Grosso
Lambari D'Oeste;0,73;5105234;Mato Grosso
São José dos Quatro Marcos;0,16;5107107;Mato Grosso
Poxoréu;0,08;5107008;Mato Grosso
Floresta do Araguaia;3,03;1503044;Pará
Barão de Melgaço;0,00;5101605;Mato Grosso
Araputanga;1,80;5101258;Mato Grosso
Nova Olímpia;1,68;5106232;Mato Grosso
Rondonópolis;0,07;5107602;Mato Grosso
Nova Xavantina;0,00;5106257;Mato Grosso
Pontal do Araguaia;0,00;5106653;Mato Grosso
Jangada;0,00;5104906;Mato Grosso
Amapá;0,00;1600105;Amapá
Guajará;24,76;1301654;Amazonas
Vila Bela da Santíssima Trindade;5,32;5105507;Mato Grosso
Araguainha;0,00;5101209;Mato Grosso
Capixaba;29,38;1200179;Acre
Jauru;2,40;5105002;Mato Grosso
Ribeirãozinho;0,00;5107198;Mato Grosso
Reserva do Cabaçal;2,18;5107156;Mato Grosso
Figueirópolis D'Oeste;0,00;5103809;Mato Grosso
Alto Garças;0,00;5100409;Mato Grosso
Nossa Senhora do Livramento;0,00;5106109;Mato Grosso
Jaciara;0,00;5104807;Mato Grosso
Manaus;5,66;1302603;Amazonas
Pontes e Lacerda;6,55;5106752;Mato Grosso
Ipixuna;12,02;1301803;Amazonas
Primavera do Leste;0,00;5107040;Mato Grosso
Maraã;1,98;1302801;Amazonas
Torixoréu;0,00;5108204;Mato Grosso
General Carneiro;0,00;5103908;Mato Grosso
Nova Rosalândia;0,00;1715002;Tocantins
São Gabriel da Cachoeira;5,59;1303809;Amazonas
Ipiranga do Norte;3,95;5104526;Mato Grosso
Araguaína;1,29;1702109;Tocantins
São Geraldo do Araguaia;1,47;1507458;Pará
Augusto Corrêa;0,00;1500909;Pará
Uarini;5,98;1304260;Amazonas
Vilhena;24,19;1100304;Rondônia
Nova Lacerda;2,25;5106182;Mato Grosso
Itaporã do Tocantins;0,00;1711100;Tocantins
Lucas do Rio Verde;0,53;5105259;Mato Grosso
Nova Maringá;30,17;5108907;Mato Grosso
Goianésia do Pará;28,96;1503093;Pará
Bujari;25,80;1200138;Acre
Rio Maria;5,84;1506161;Pará
Divinópolis do Tocantins;0,00;1707108;Tocantins
Jacareacanga;110,76;1503754;Pará
Barrolândia;0,00;1703107;Tocantins
Diamantino;5,68;5103502;Mato Grosso
Santa Fé do Araguaia;0,13;1718865;Tocantins
Santa Carmem;8,47;5107248;Mato Grosso
Bannach;4,97;1501253;Pará
Canabrava do Norte;6,13;5102694;Mato Grosso
Pedra Branca do Amapari;2,00;1600154;Amapá
Oliveira de Fátima;0,00;1715507;Tocantins
Caseara;0,00;1703909;Tocantins
Santa Cruz do Arari;0,00;1506401;Pará
Tapurah;2,92;5108006;Mato Grosso
Parauapebas;7,28;1505536;Pará
Limoeiro do Ajuru;0,34;1504000;Pará
Theobroma;4,50;1101609;Rondônia
São Félix do Xingu;576,96;1507300;Pará
Comodoro;23,37;5103304;Mato Grosso
Goianorte;0,14;1708304;Tocantins
Governador Jorge Teixeira;20,77;1101005;Rondônia
Tabaporã;23,10;5107941;Mato Grosso
Epitaciolândia;18,65;1200252;Acre
Vera;12,84;5108501;Mato Grosso
Novo Mundo;17,89;5106265;Mato Grosso
Bernardo Sayão;0,00;1703206;Tocantins
Rolim de Moura;1,32;1100288;Rondônia
Seringueiras;31,71;1101500;Rondônia
Autazes;47,31;1300300;Amazonas
Ferreira Gomes;0,07;1600238;Amapá
Palmas;0,00;1721000;Tocantins
São Francisco do Brejão;0,54;2110856;Maranhão
Sambaíba;0,00;2109700;Maranhão
Novo Alegre;0,00;1715150;Tocantins
Santa Luzia D'Oeste;1,05;1100296;Rondônia
Tartarugalzinho;0,88;1600709;Amapá
Arenápolis;0,28;5101308;Mato Grosso
Gurupi;0,00;1709500;Tocantins
Lagoa da Confusão;0,86;1711902;Tocantins
Boa Vista;0,42;1400100;Roraima
Gurupá;2,19;1503101;Pará
São Pedro da Água Branca;0,99;2111532;Maranhão
Jaú do Tocantins;0,00;1711506;Tocantins
Araguaçu;0,00;1702000;Tocantins
Sandolândia;0,46;1718840;Tocantins
Altamira;765,53;1500602;Pará
Aliança do Tocantins;0,00;1700350;Tocantins
São Sebastião do Uatumã;1,59;1303957;Amazonas
Porto dos Gaúchos;18,29;5106802;Mato Grosso
Sapezal;3,23;5107875;Mato Grosso
Bragança;0,30;1501709;Pará
Nova Santa Helena;8,83;5106190;Mato Grosso
Alto Paraíso;28,86;1100403;Rondônia
Araguanã;0,00;1702158;Tocantins
São José do Rio Claro;25,07;5107305;Mato Grosso
Pimenteiras do Oeste;9,66;1101468;Rondônia
Mocajuba;0,00;1504604;Pará
Iranduba;0,70;1301852;Amazonas
Urucará;0,94;1304302;Amazonas
Santa Isabel do Rio Negro;1,74;1303601;Amazonas
Senador Guiomard;20,17;1200450;Acre
Figueirópolis;0,00;1707652;Tocantins
Coari;5,06;1301209;Amazonas
Carauari;1,06;1301001;Amazonas
Nova Mutum;4,58;5106224;Mato Grosso
Nova Nazaré;0,32;5106174;Mato Grosso
Brasil Novo;20,13;1501725;Pará
Apuí;329,88;1300144;Amazonas
Santa Terezinha;22,84;5107776;Mato Grosso
Campinápolis;0,00;5102603;Mato Grosso
Nova Mamoré;94,68;1100338;Rondônia
Castanheiras;1,09;1100908;Rondônia
União do Sul;67,30;5108303;Mato Grosso
Alvorada;0,00;1700707;Tocantins
Caroebe;37,25;1400233;Roraima
Coroatá;1,81;2103604;Maranhão
Pastos Bons;0,00;2108009;Maranhão
Lago do Junco;0,00;2105807;Maranhão
Matões do Norte;0,31;2106631;Maranhão
Cantanhede;1,65;2102705;Maranhão
Arame;15,91;2100956;Maranhão
Conceição do Tocantins;0,00;1705607;Tocantins
Tufilândia;0,00;2112274;Maranhão
Governador Newton Bello;0,00;2104651;Maranhão
Maranhãozinho;0,00;2106375;Maranhão
Igarapé Grande;0,00;2105203;Maranhão
Monção;0,74;2106904;Maranhão
Peritoró;8,33;2108454;Maranhão
Sucupira do Norte;0,00;2111904;Maranhão
Formosa da Serra Negra;0,90;2104099;Maranhão
Nova Iorque;0,00;2107308;Maranhão
Santa Filomena do Maranhão;0,48;2109759;Maranhão
Carutapera;0,88;2102903;Maranhão
Rio Branco;97,63;1200401;Acre
Satubinha;0,00;2111722;Maranhão
Cujubim;120,75;1100940;Rondônia
Fernando Falcão;0,83;2104081;Maranhão
Pirapemas;1,88;2108801;Maranhão
Centro do Guilherme;0,00;2103158;Maranhão
Oiapoque;0,71;1600501;Amapá
Darcinópolis;0,61;1706506;Tocantins
Alcântara;0,16;2100204;Maranhão
Arari;0,18;2101004;Maranhão
Cumaru do Norte;46,79;1502764;Pará
Miranda do Norte;0,96;2106755;Maranhão
Penalva;0,07;2108306;Maranhão
Brejo Grande do Araguaia;1,96;1501758;Pará
Medicilândia;105,46;1504455;Pará
Nova Timboteua;0,00;1505007;Pará
Central do Maranhão;0,00;2103125;Maranhão
Alto Alegre do Maranhão;0,07;2100436;Maranhão
Maurilândia do Tocantins;0,00;1712801;Tocantins
Paragominas;31,20;1505502;Pará
Morros;0,28;2107100;Maranhão
Itinga do Maranhão;21,87;2105427;Maranhão
Santa Helena;2,29;2109809;Maranhão
São João da Ponta;0,40;1507466;Pará
Cedral;0,00;2103109;Maranhão
São João Batista;0,00;2111003;Maranhão
São Raimundo do Doca Bezerra;0,00;2111631;Maranhão
Turilândia;2,67;2112456;Maranhão
São João de Pirabas;1,92;1507474;Pará
Lago dos Rodrigues;0,00;2105948;Maranhão
Lagoa do Tocantins;0,00;1711951;Tocantins
Dianópolis;0,00;1707009;Tocantins
Novo Acordo;0,00;1715101;Tocantins
Maracanã;0,59;1504307;Pará
Axixá do Tocantins;0,00;1702901;Tocantins
Cachoeira Grande;0,00;2102374;Maranhão
Anajatuba;0,12;2100709;Maranhão
Aurora do Tocantins;0,00;1702703;Tocantins
Itiquira;0,00;5104609;Mato Grosso
Mateiros;0,00;1712702;Tocantins
Natividade;0,00;1714203;Tocantins
Joselândia;1,18;2105609;Maranhão
Bom Jesus do Tocantins;0,42;1703305;Tocantins
Estreito;0,00;2104057;Maranhão
Lizarda;0,00;1712405;Tocantins
Ariquemes;14,91;1100023;Rondônia
Olho d'Água das Cunhãs;0,00;2107407;Maranhão
Cajari;0,78;2102507;Maranhão
Bom Jesus do Tocantins;7,99;1501576;Pará
Chaves;0,00;1502509;Pará
Governador Eugênio Barros;7,03;2104602;Maranhão
Barcarena;1,97;1501303;Pará
São João da Baliza;21,37;1400506;Roraima
Miracema do Tocantins;0,00;1713205;Tocantins
Rio dos Bois;0,00;1718709;Tocantins
Itaubal;0,08;1600253;Amapá
Tefé;12,78;1304203;Amazonas
Cláudia;24,23;5103056;Mato Grosso
Nortelândia;2,37;5106000;Mato Grosso
Anori;0,45;1300102;Amazonas
Água Boa;0,55;5100201;Mato Grosso
Miranorte;0,00;1713304;Tocantins
Rorainópolis;53,99;1400472;Roraima
Cocalinho;0,46;5103106;Mato Grosso
Costa Marques;34,78;1100080;Rondônia
Macapá;0,90;1600303;Amapá
Mirante da Serra;5,22;1101302;Rondônia
Monte Alegre;37,57;1504802;Pará
Santa Rosa do Purus;4,07;1200435;Acre
Palmeirópolis;0,00;1715754;Tocantins
Canaã dos Carajás;2,42;1502152;Pará
Guimarães;0,00;2104909;Maranhão
Belterra;16,36;1501451;Pará
Itapiratins;0,00;1710904;Tocantins
Araguanã;0,00;2100873;Maranhão
Viseu;3,93;1508308;Pará
Uruará;139,61;1508159;Pará
Junco do Maranhão;0,29;2105658;Maranhão
Novo Aripuanã;194,39;1303304;Amazonas
Cotriguaçu;30,33;5103379;Mato Grosso
Jatobá;1,14;2105450;Maranhão
Rio Sono;0,00;1718758;Tocantins
Tracuateua;0,28;1508035;Pará
Breu Branco;13,07;1501782;Pará
Santa Tereza do Tocantins;0,00;1719004;Tocantins
Maracaçumé;0,07;2106326;Maranhão
Parintins;2,47;1303403;Amazonas
Porto Grande;2,24;1600535;Amapá
Aragominas;0,94;1701309;Tocantins
Pugmil;0,00;1718451;Tocantins
Araguacema;0,33;1701903;Tocantins
Novo Airão;1,02;1303205;Amazonas
Breves;2,31;1501808;Pará
Acará;10,31;1500206;Pará
Augustinópolis;0,07;1702554;Tocantins
Canutama;126,97;1300904;Amazonas
Serra Nova Dourada;3,64;5107883;Mato Grosso
Humaitá;197,77;1301704;Amazonas
Borba;14,93;1300805;Amazonas
Ourilândia do Norte;14,96;1505437;Pará
Cerejeiras;3,11;1100056;Rondônia
Mãe do Rio;0,00;1504059;Pará
Bom Jesus das Selvas;20,37;2102036;Maranhão
São João do Soter;0,00;2111078;Maranhão
Magalhães Barata;1,21;1504109;Pará
Senador Alexandre Costa;2,78;2111748;Maranhão
São Mateus do Maranhão;0,00;2111508;Maranhão
Marajá do Sena;3,55;2106359;Maranhão
Igarapé do Meio;0,20;2105153;Maranhão
Santa Rosa do Tocantins;0,00;1718907;Tocantins
Manacapuru;5,90;1302504;Amazonas
Alvarães;7,42;1300029;Amazonas
Cabixi;4,41;1100031;Rondônia
Candeias do Jamari;219,75;1100809;Rondônia
Nova Canaã do Norte;14,18;5106216;Mato Grosso
Moju;55,69;1504703;Pará
Maués;67,98;1302900;Amazonas
São Miguel do Guaporé;12,51;1100320;Rondônia
Santa Maria das Barreiras;12,35;1506583;Pará
Silves;1,50;1304005;Amazonas
Bandeirantes do Tocantins;0,00;1703057;Tocantins
Porto Alegre do Norte;16,24;5106778;Mato Grosso
Gaúcha do Norte;21,71;5103858;Mato Grosso
Nova Monte Verde;26,11;5108956;Mato Grosso
Cametá;0,30;1502103;Pará
Tarauacá;104,20;1200609;Acre
São José do Xingu;1,61;5107354;Mato Grosso
Nova Olinda do Norte;6,35;1303106;Amazonas
Pracuúba;0,22;1600550;Amapá
Bom Jesus do Araguaia;1,20;5101852;Mato Grosso
Santo Antônio do Içá;1,81;1303700;Amazonas
Tabatinga;3,70;1304062;Amazonas
Vitória do Xingu;4,33;1508357;Pará
Campos de Júlio;0,66;5102686;Mato Grosso
Aripuanã;167,39;5101407;Mato Grosso
Alvorada D'Oeste;2,04;1100346;Rondônia
Nova Ubiratã;59,23;5106240;Mato Grosso
Cruzeiro do Sul;33,57;1200203;Acre
Alta Floresta;14,56;5100250;Mato Grosso
Faro;3,45;1503002;Pará
Canarana;0,87;5102702;Mato Grosso
Cachoeira do Arari;0,39;1502004;Pará
Paraíso do Tocantins;0,00;1716109;Tocantins
Primavera de Rondônia;1,44;1101476;Rondônia
Cutias;0,10;1600212;Amapá
Cacoal;18,28;1100049;Rondônia
Piçarra;1,91;1505635;Pará
Vitória do Jari;2,72;1600808;Amapá
Porto Nacional;0,00;1718204;Tocantins
Assis Brasil;17,65;1200054;Acre
Planalto da Serra;0,00;5106455;Mato Grosso
Colinas do Tocantins;0,00;1705508;Tocantins
Colíder;5,01;5103205;Mato Grosso
Sinop;6,40;5107909;Mato Grosso
Muricilândia;0,79;1713957;Tocantins
Alta Floresta D'Oeste;24,86;1100015;Rondônia
Sorriso;0,71;5107925;Mato Grosso
Inhangapi;0,31;1503408;Pará
Bacabal;0,00;2101202;Maranhão
Primavera;0,06;1506104;Pará
Presidente Sarney;1,56;2109270;Maranhão
Lagoa Grande do Maranhão;0,36;2105963;Maranhão
Campestre do Maranhão;0,33;2102556;Maranhão
Dom Pedro;0,95;2103802;Maranhão
Itaguatins;0,37;1710706;Tocantins
Nova Olinda do Maranhão;0,09;2107357;Maranhão
Ananás;0,62;1701002;Tocantins
Santa Luzia do Paruá;0,00;2110039;Maranhão
Palmeirândia;0,00;2107605;Maranhão
Nova Esperança do Piriá;2,39;1504950;Pará
Alto Taquari;0,00;5100607;Mato Grosso
Ji-Paraná;2,96;1100122;Rondônia
Boa Vista do Ramos;0,60;1300680;Amazonas
Carolina;0,00;2102804;Maranhão
Japurá;4,27;1302108;Amazonas
Santa Bárbara do Pará;0,10;1506351;Pará
Monte do Carmo;0,00;1713601;Tocantins
Prainha;66,91;1506005;Pará
Tuntum;10,18;2112308;Maranhão
Curuçá;0,68;1502905;Pará
Taipas do Tocantins;0,00;1720937;Tocantins
Itaipava do Grajaú;1,56;2105351;Maranhão
Laranjal do Jari;2,15;1600279;Amapá
Senador La Rocque;0,38;2111763;Maranhão
Santa Luzia;3,78;2110005;Maranhão
Santana do Araguaia;26,27;1506708;Pará
Santo Antônio do Tauá;0,47;1507003;Pará
Tasso Fragoso;0,00;2112001;Maranhão
Porto Rico do Maranhão;0,00;2109056;Maranhão
Silvanópolis;0,00;1720655;Tocantins
Sítio Novo do Tocantins;0,18;1720804;Tocantins
Santa Luzia do Pará;0,00;1506559;Pará
Raposa;0,00;2109452;Maranhão
Vila Rica;22,05;5108600;Mato Grosso
Olinda Nova do Maranhão;0,00;2107456;Maranhão
Presidente Vargas;0,29;2109304;Maranhão
Bacurituba;0,00;2101350;Maranhão
Gonçalves Dias;7,69;2104404;Maranhão
São José de Ribamar;0,12;2111201;Maranhão
Altamira do Maranhão;0,00;2100402;Maranhão
Garrafão do Norte;1,16;1503077;Pará
Fortuna;9,67;2104206;Maranhão
São Caetano de Odivelas;0,38;1507102;Pará
Machadinho D'Oeste;57,19;1100130;Rondônia
Bequimão;0,08;2101905;Maranhão
Rosário;0,63;2109601;Maranhão
Capitão Poço;2,29;1502301;Pará
Bujaru;0,57;1501907;Pará
Monte Negro;16,91;1101401;Rondônia
Rodrigues Alves;12,21;1200427;Acre
Terra Santa;3,89;1507979;Pará
Bacuri;0,00;2101301;Maranhão
Santa Rita;1,93;2110203;Maranhão
Capanema;0,31;1502202;Pará
Presidente Dutra;2,29;2109106;Maranhão
Santarém;17,72;1506807;Pará
Melgaço;1,85;1504505;Pará
Peixe-Boi;0,32;1505601;Pará
Passagem Franca;0,00;2107902;Maranhão
Juruena;3,33;5105176;Mato Grosso
Anajás;0,97;1500701;Pará
Buritis;35,71;1100452;Rondônia
Dom Eliseu;43,14;1502939;Pará
Senador José Porfírio;112,29;1507805;Pará
Vargem Grande;0,27;2112704;Maranhão
Rio da Conceição;0,00;1718659;Tocantins
Itapecuru Mirim;2,61;2105401;Maranhão
Loreto;0,00;2106102;Maranhão
Benedito Leite;0,00;2101806;Maranhão
Jacundá;1,63;1503804;Pará
Porto Walter;5,26;1200393;Acre
Abel Figueiredo;2,07;1500131;Pará
Açailândia;13,56;2100055;Maranhão
Itacoatiara;16,52;1301902;Amazonas
São Miguel do Tocantins;1,27;1720200;Tocantins
Bom Lugar;0,00;2102077;Maranhão
Marianópolis do Tocantins;0,24;1712504;Tocantins
Santa Inês;0,00;2109908;Maranhão
Codó;4,25;2103307;Maranhão
Carlinda;1,91;5102793;Mato Grosso
Pindorama do Tocantins;0,00;1717008;Tocantins
Alto Parnaíba;0,00;2100501;Maranhão
Feliz Natal;42,72;5103700;Mato Grosso
São Félix do Araguaia;21,35;5107859;Mato Grosso
Pequizeiro;0,00;1716653;Tocantins
Eldorado do Carajás;3,13;1502954;Pará
Rio Crespo;8,29;1100262;Rondônia
Brasiléia;61,01;1200104;Acre
Tangará da Serra;0,27;5107958;Mato Grosso
Fonte Boa;0,60;1301605;Amazonas
São Miguel do Guamá;0,84;1507607;Pará
Nova Ipixuna;3,71;1504976;Pará
Filadélfia;0,00;1707702;Tocantins
São Domingos do Azeitão;0,00;2110658;Maranhão
Beruri;6,68;1300631;Amazonas
Espigão D'Oeste;11,78;1100098;Rondônia
Uiramutã;0,53;1400704;Roraima
Esperantinópolis;0,00;2104008;Maranhão
Apiacás;97,02;5100805;Mato Grosso
Tupiratins;0,00;1721307;Tocantins
Itanhangá;10,44;5104542;Mato Grosso
Barreirinha;3,23;1300508;Amazonas
Nobres;0,00;5105903;Mato Grosso
São Luís;1,48;2111300;Maranhão
Tucuruí;14,40;1508100;Pará
Paranã;0,00;1716208;Tocantins
Imperatriz;0,54;2105302;Maranhão
Benevides;0,14;1501501;Pará
São João do Carú;0,00;2111029;Maranhão
Cariri do Tocantins;0,00;1703867;Tocantins
Óbidos;29,57;1505106;Pará
Cidelândia;4,82;2103257;Maranhão
Xapuri;58,61;1200708;Acre
Porto Acre;31,50;1200807;Acre
Lavandeira;0,00;1712157;Tocantins
Ponte Alta do Bom Jesus;0,00;1717800;Tocantins
São Roberto;0,00;2111672;Maranhão
Alto Alegre do Pindaré;0,00;2100477;Maranhão
Sena Madureira;111,31;1200500;Acre
Abreulândia;0,00;1700251;Tocantins
Governador Luiz Rocha;10,82;2104628;Maranhão
Pedreiras;0,00;2108207;Maranhão
Xinguara;0,90;1508407;Pará
Itapuã do Oeste;20,51;1101104;Rondônia
São Sebastião da Boa Vista;0,27;1507706;Pará
Presidente Médici;0,00;2109239;Maranhão
São Francisco do Guaporé;32,39;1101492;Rondônia
Fátima;0,00;1707553;Tocantins
Paraibano;0,00;2107704;Maranhão
Placas;141,31;1505650;Pará
Vale do Paraíso;2,18;1101807;Rondônia
Manoel Urbano;41,54;1200344;Acre
Novo Progresso;414,17;1505031;Pará
Montes Altos;0,95;2107001;Maranhão
Chapada de Areia;0,00;1704600;Tocantins
Vale do Anari;9,24;1101757;Rondônia
Governador Edison Lobão;0,31;2104552;Maranhão
Dueré;5,13;1707306;Tocantins
Alenquer;31,92;1500404;Pará
Mazagão;2,46;1600402;Amapá
Curionópolis;1,35;1502772;Pará
Tailândia;39,45;1507953;Pará
Arapoema;0,15;1702307;Tocantins
Rondolândia;66,09;5107578;Mato Grosso
Buriticupu;17,91;2102325;Maranhão
São Paulo de Olivença;1,83;1303908;Amazonas
Cantá;19,51;1400175;Roraima
Apicum-Açu;0,00;2100832;Maranhão
Anamã;1,72;1300086;Amazonas
Sucupira;0,00;1720853;Tocantins
Presidente Médici;1,09;1100254;Rondônia
Pacajá;258,19;1505486;Pará
Paranatinga;28,58;5106307;Mato Grosso
Pimenta Bueno;33,14;1100189;Rondônia
Paço do Lumiar;0,41;2107506;Maranhão
Aparecida do Rio Negro;0,00;1701101;Tocantins
Matinha;0,10;2106508;Maranhão
Ulianópolis;74,79;1508126;Pará
Itupiranga;48,26;1503705;Pará
Rio Preto da Eva;4,10;1303569;Amazonas
Santa Rita do Trivelato;8,40;5107768;Mato Grosso
São João do Araguaia;5,38;1507508;Pará
Água Azul do Norte;5,37;1500347;Pará
Barra do Corda;14,74;2101608;Maranhão
Urucurituba;0,82;1304401;Amazonas
Santo Afonso;3,32;5107263;Mato Grosso
Muaná;0,30;1504901;Pará
Davinópolis;0,20;2103752;Maranhão
Colméia;0,56;1716703;Tocantins
Novo Repartimento;190,53;1505064;Pará
Monte Santo do Tocantins;0,00;1713700;Tocantins
Grajaú;19,45;2104800;Maranhão
Alto Alegre dos Parecis;12,64;1100379;Rondônia
Portel;240,65;1505809;Pará
Itaúba;14,34;5104559;Mato Grosso
Parecis;3,78;1101450;Rondônia
Colorado do Oeste;1,29;1100064;Rondônia
Presidente Kennedy;0,00;1718402;Tocantins
Anapu;133,74;1500859;Pará
Juarina;0,00;1711803;Tocantins
Novo Horizonte do Norte;0,46;5106273;Mato Grosso
Tonantins;0,52;1304237;Amazonas
João Lisboa;0,64;2105500;Maranhão
Porto Velho;619,34;1100205;Rondônia
Nova Olinda;0,00;1714880;Tocantins
Confresa;36,07;5103353;Mato Grosso
Curuá;6,87;1502855;Pará
Itapiranga;1,59;1302009;Amazonas
São Luís Gonzaga do Maranhão;0,07;2111409;Maranhão
Novo Santo Antônio;9,71;5106315;Mato Grosso
Novo Horizonte do Oeste;0,81;1100502;Rondônia
São Raimundo das Mangabeiras;0,00;2111607;Maranhão
Cândido Mendes;1,31;2102606;Maranhão
Amarante do Maranhão;12,17;2100600;Maranhão
Plácido de Castro;15,19;1200385;Acre
Serrano do Maranhão;0,00;2111789;Maranhão
Irituia;0,79;1503507;Pará
Pauini;28,06;1303502;Amazonas
Oeiras do Pará;10,55;1505205;Pará
Acrelândia;38,27;1200013;Acre
Almeirim;31,54;1500503;Pará
Ribeirão Cascalheira;2,47;5107180;Mato Grosso
Esperantina;0,23;1707405;Tocantins
Feijó;139,01;1200302;Acre
Couto Magalhães;0,29;1706001;Tocantins
Igarapé-Miri;4,41;1503309;Pará
Rurópolis;169,47;1506195;Pará
Porto Franco;2,69;2109007;Maranhão
Sampaio;0,19;1718808;Tocantins
Belém;0,48;1501402;Pará
Vitória do Mearim;1,00;2112902;Maranhão
Tupirama;0,00;1721257;Tocantins
São Domingos do Capim;1,19;1507201;Pará
Trizidela do Vale;0,00;2112233;Maranhão
Porto Alegre do Tocantins;0,00;1718006;Tocantins
Goiatins;0,00;1709005;Tocantins
Chapada da Natividade;0,00;1705102;Tocantins
São Sebastião do Tocantins;0,00;1720309;Tocantins
Amapá do Maranhão;1,08;2100550;Maranhão
Taguatinga;0,00;1720903;Tocantins
São Vicente Ferrer;0,00;2111706;Maranhão
Tocantínia;0,00;1721109;Tocantins
Pinheiro;1,73;2108603;Maranhão
Cristalândia;0,00;1706100;Tocantins
Aguiarnópolis;0,61;1700301;Tocantins
Piraquê;1,43;1717206;Tocantins
Bonito;0,20;1501600;Pará
Fortaleza dos Nogueiras;0,00;2104107;Maranhão
Terra Alta;0,13;1507961;Pará
Lago da Pedra;0,00;2105708;Maranhão
Balsas;0,00;2101400;Maranhão
Ipixuna do Pará;29,62;1503457;Pará
Santo Antônio dos Lopes;1,35;2110302;Maranhão
Serra do Navio;0,35;1600055;Amapá
Pau D'Arco;0,25;1716307;Tocantins
Concórdia do Pará;0,29;1502756;Pará
Lima Campos;0,23;2106003;Maranhão
São João do Paraíso;0,54;2111052;Maranhão
Boa Vista do Gurupi;0,50;2101970;Maranhão
Ponte Alta do Tocantins;0,00;1717909;Tocantins
Nazaré;0,37;1714302;Tocantins
Aveiro;55,58;1501006;Pará
Nova União;7,96;1101435;Rondônia
Boca do Acre;200,16;1300706;Amazonas
Luciara;0,00;5105309;Mato Grosso
Xambioá;1,06;1722107;Tocantins
Barcelos;1,39;1300409;Amazonas
Guaraí;0,14;1709302;Tocantins
Codajás;1,42;1301308;Amazonas
Querência;25,36;5107065;Mato Grosso
São Luiz;7,98;1400605;Roraima
Careiro;6,90;1301100;Amazonas
Pium;0,20;1717503;Tocantins
Brasnorte;12,21;5101902;Mato Grosso
Paranaíta;20,12;5106299;Mato Grosso
Oriximiná;17,15;1505304;Pará
Amajari;10,35;1400027;Roraima
Baião;14,63;1501204;Pará
Pacaraima;1,10;1400456;Roraima
Tabocão;0,00;1708254;Tocantins
São Salvador do Tocantins;0,00;1720259;Tocantins
Ipueiras;0,00;1709807;Tocantins
Juruá;1,57;1302207;Amazonas
Santana;0,13;1600600;Amapá
Jutaí;1,16;1302306;Amazonas
Crixás do Tocantins;0,00;1706258;Tocantins
Angico;0,00;1701051;Tocantins
Palestina do Pará;1,13;1505494;Pará
Alto Boa Vista;15,55;5100359;Mato Grosso
Turiaçu;0,67;2112407;Maranhão
Wanderlândia;2,17;1722081;Tocantins
Viana;0,62;2112803;Maranhão
Pedro Afonso;0,21;1716505;Tocantins
Riachinho;0,00;1718550;Tocantins
São Valério;0,00;1720499;Tocantins
Cachoeira do Piriá;15,46;1501956;Pará
Castanhal;0,92;1502400;Pará
Rondon do Pará;34,58;1506187;Pará
Barra do Ouro;0,00;1703073;Tocantins
Tomé-Açu;22,90;1508001;Pará
Poção de Pedras;0,00;2108900;Maranhão
São Bento;0,00;2110500;Maranhão
Godofredo Viana;4,69;2104305;Maranhão
Presidente Juscelino;0,57;2109205;Maranhão
São Pedro dos Crentes;0,00;2111573;Maranhão
Buriti do Tocantins;0,00;1703800;Tocantins
Centro Novo do Maranhão;4,53;2103174;Maranhão
Careiro da Várzea;17,19;1301159;Amazonas
Buriti Bravo;1,62;2102309;Maranhão
Pedro do Rosário;0,41;2108256;Maranhão
Palmeirante;0,00;1715705;Tocantins
Palmeiras do Tocantins;0,11;1713809;Tocantins
Carrasco Bonito;0,00;1703891;Tocantins
Conceição do Lago-Açu;0,00;2103554;Maranhão
Vitorino Freire;0,00;2113009;Maranhão
São Domingos do Araguaia;1,50;1507151;Pará
Almas;0,00;1700400;Tocantins
Lajeado;0,00;1712009;Tocantins
Feira Nova do Maranhão;0,00;2104073;Maranhão
Icatu;0,00;2105104;Maranhão
Cururupu;0,00;2103703;Maranhão
Itacajá;0,00;1710508;Tocantins
Luís Domingues;0,68;2106201;Maranhão
Campos Lindos;0,00;1703842;Tocantins
Aurora do Pará;2,59;1500958;Pará
Peri Mirim;0,24;2108405;Maranhão
Capinzal do Norte;0,49;2102754;Maranhão
Cachoeirinha;0,01;1703826;Tocantins
Bela Vista do Maranhão;0,00;2101772;Maranhão
Carmolândia;0,23;1703883;Tocantins
Santa Rita do Tocantins;0,00;1718899;Tocantins
Ministro Andreazza;2,31;1101203;Rondônia
Ponta de Pedras;0,00;1505700;Pará
Chupinguaia;15,27;1100924;Rondônia
Castanheira;5,05;5102850;Mato Grosso
Manaquiri;1,64;1302553;Amazonas
Marcelândia;133,13;5105580;Mato Grosso
Formoso do Araguaia;2,09;1708205;Tocantins
São Felipe D'Oeste;0,33;1101484;Rondônia
Brejinho de Nazaré;0,00;1703701;Tocantins
Juara;88,22;5105101;Mato Grosso
Guarantã do Norte;11,58;5104104;Mato Grosso
Nova Marilândia;2,33;5108857;Mato Grosso
Bernardo do Mearim;0,00;2101939;Maranhão
Terra Nova do Norte;2,82;5108055;Mato Grosso
Indiavaí;0,00;5104500;Mato Grosso
Soure;0,00;1507904;Pará
Caapiranga;2,01;1300839;Amazonas
Marabá;73,58;1504208;Pará
Nova Brasilândia D'Oeste;2,40;1100148;Rondônia
Campo Novo do Parecis;3,97;5102637;Mato Grosso
Guajará-Mirim;27,08;1100106;Rondônia
Mojuí dos Campos;61,84;1504752;Pará
Benjamin Constant;1,73;1300607;Amazonas
Dois Irmãos do Tocantins;0,77;1707207;Tocantins
Jaru;2,71;1100114;Rondônia
Jordão;9,74;1200328;Acre
Mucajaí;68,47;1400308;Roraima
Normandia;0,00;1400407;Roraima
Juína;48,45;5105150;Mato Grosso
Corumbiara;4,15;1100072;Rondônia
Urupá;0,84;1101708;Rondônia
Trairão;120,39;1508050;Pará
Atalaia do Norte;1,74;1300201;Amazonas
Nhamundá;4,62;1303007;Amazonas
Barra do Garças;0,00;5101803;Mato Grosso
São Domingos do Maranhão;7,54;2110708;Maranhão
Bagre;6,14;1501105;Pará
São Bento do Tocantins;0,31;1720101;Tocantins
Juruti;4,57;1503903;Pará
Colniza;267,42;5103254;Mato Grosso
Quatipuru;0,07;1506112;Pará
Salinópolis;0,89;1506203;Pará
Babaçulândia;0,00;1703008;Tocantins
Zé Doca;0,37;2114007;Maranhão
Sapucaia;1,49;1507755;Pará
Colares;0,08;1502608;Pará
Araguatins;3,91;1702208;Tocantins
Pio XII;0,00;2108702;Maranhão
Novo Jardim;0,00;1715259;Tocantins
Marechal Thaumaturgo;6,33;1200351;Acre
Teixeirópolis;0,32;1101559;Rondônia
São Francisco do Pará;0,24;1507409;Pará
Paulo Ramos;0,41;2108108;Maranhão
Nova Colinas;0,00;2107258;Maranhão
Santa Maria do Tocantins;0,00;1718881;Tocantins
Arraias;0,00;1702406;Tocantins
Salvaterra;0,35;1506302;Pará
Manicoré;134,71;1302702;Amazonas
Santa Maria do Pará;0,00;1506609;Pará
Cajapió;0,00;2102408;Maranhão
Bom Jardim;21,76;2102002;Maranhão
Peixe;0,00;1716604;Tocantins
Governador Archer;2,57;2104503;Maranhão
Curralinho;2,78;1502806;Pará
Talismã;0,00;1720978;Tocantins
Timbiras;0,22;2112100;Maranhão
Igarapé-Açu;0,07;1503200;Pará
Lago Verde;0,00;2105906;Maranhão
Itamarati;1,13;1301951;Amazonas
Lábrea;540,23;1302405;Amazonas
Luzinópolis;0,20;1712454;Tocantins
Brasilândia do Tocantins;0,00;1703602;Tocantins
Axixá;0,20;2101103;Maranhão
Brejo de Areia;0,68;2102150;Maranhão
Marituba;0,00;1504422;Pará
Recursolândia;0,13;1718501;Tocantins
Praia Norte;1,45;1718303;Tocantins
Sítio Novo;0,09;2111805;Maranhão
Ouro Preto do Oeste;7,63;1100155;Rondônia
São Félix do Tocantins;0,00;1720150;Tocantins
Marapanim;1,35;1504406;Pará
Bacabeira;0,07;2101251;Maranhão
Santarém Novo;0,09;1506906;Pará
Mirador;0,00;2106706;Maranhão
Vila Nova dos Martírios;0,59;2112852;Maranhão
Riachão;0,00;2109502;Maranhão
Ourém;0,42;1505403;Pará
São José dos Basílios;0,43;2111250;Maranhão
Governador Nunes Freire;0,09;2104677;Maranhão
Calçoene;1,09;1600204;Amapá
Alto Araguaia;0,00;5100300;Mato Grosso
Mirinzal;0,00;2106805;Maranhão
Jenipapo dos Vieiras;0,59;2105476;Maranhão
Santa Izabel do Pará;0,50;1506500;Pará
Combinado;0,00;1705557;Tocantins
Envira;13,59;1301506;Amazonas
Graça Aranha;0,71;2104701;Maranhão
Tocantinópolis;0,10;1721208;Tocantins
Amaturá;0,53;1300060;Amazonas
Cacaulândia;10,00;1100601;Rondônia
São Félix de Balsas;0,00;2110807;Maranhão
Colinas;3,72;2103505;Maranhão
Buritirana;3,00;2102358;Maranhão
Ananindeua;0,00;1500800;Pará
Presidente Figueiredo;14,96;1303536;Amazonas
Abaetetuba;1,70;1500107;Pará
Pindaré-Mirim;0,00;2108504;Maranhão
Centenário;0,00;1704105;Tocantins
Santa Terezinha do Tocantins;1,11;1720002;Tocantins
Vigia;0,33;1508209;Pará
Campo Novo de Rondônia;19,60;1100700;Rondônia
Santa Cruz do Xingu;11,39;5107743;Mato Grosso
Lajeado Novo;0,59;2105989;Maranhão
Afuá;0,00;1500305;Pará
Ribamar Fiquene;0,35;2109551;Maranhão